review_text,rating,date
ANC is top notch — can't hear the plane engine at all.,5,2026-02-06
"Sleek, premium design and they fold up neatly for travel.",4,2026-02-16
"Amazing value for the money, would buy again.",4,2026-02-16
"The noise cancelling is fantastic, the office just disappears.",4,2026-02-22
"The ear cushions are soft and light, no fatigue at all.",4,2026-02-23
"Rich, balanced sound. Music sounds the way it's meant to.",5,2026-02-26
"The ear cushions are soft and light, no fatigue at all.",4,2026-02-27
"Rich, balanced sound. Music sounds the way it's meant to.",4,2026-03-03
"Beautiful build, feels classy and looks great.",4,2026-03-03
"Comfortable and stylish, though the mic could be better.",3,2026-03-03
"Sleek, premium design and they fold up neatly for travel.",5,2026-03-04
Great sound but the battery life really lets it down.,3,2026-03-09
"Sleek, premium design and they fold up neatly for travel.",5,2026-03-16
"Rich, balanced sound. Music sounds the way it's meant to.",5,2026-03-18
"The ear cushions are soft and light, no fatigue at all.",5,2026-03-21
Pairing is unreliable and the audio cuts out randomly.,1,2026-03-21
"Good headphones overall, just wish the battery lasted longer.",3,2026-03-22
"Rich, balanced sound. Music sounds the way it's meant to.",4,2026-03-23
"Battery drains way faster than advertised, barely gets half a day.",1,2026-03-23
Constant connection drops when my phone is in my pocket.,1,2026-03-23
"Bluetooth keeps dropping every few minutes, so frustrating.",2,2026-03-24
"The headband started creaking after two weeks, feels cheap.",1,2026-03-24
Can't believe the quality at this price point.,5,2026-03-26
"Hinge feels flimsy, I'm worried it'll snap.",2,2026-03-26
"The headband started creaking after two weeks, feels cheap.",2,2026-03-27
Charge doesn't last — I have to top it up every single day.,2,2026-03-29
Charge doesn't last — I have to top it up every single day.,2,2026-03-30
"Blocks out my noisy commute completely, love it.",4,2026-03-31
Charge doesn't last — I have to top it up every single day.,2,2026-03-31
"Sleek, premium design and they fold up neatly for travel.",5,2026-04-01
Can't believe the quality at this price point.,5,2026-04-01
"Beautiful build, feels classy and looks great.",4,2026-04-04
"The battery life is a joke now, dies after a few hours.",2,2026-04-04
"Beautiful build, feels classy and looks great.",5,2026-04-05
"Hinge feels flimsy, I'm worried it'll snap.",1,2026-04-05
"Amazing value for the money, would buy again.",4,2026-04-07
"The headband started creaking after two weeks, feels cheap.",1,2026-04-07
"Beautiful build, feels classy and looks great.",5,2026-04-09
They clamp too tightly and my ears hurt after an hour.,2,2026-04-09
"The battery life is a joke now, dies after a few hours.",2,2026-04-10
Constant connection drops when my phone is in my pocket.,1,2026-04-12
"Bluetooth keeps dropping every few minutes, so frustrating.",2,2026-04-12
They clamp too tightly and my ears hurt after an hour.,2,2026-04-12
"Rich, balanced sound. Music sounds the way it's meant to.",5,2026-04-18
"Love the noise cancelling, hate the flaky Bluetooth.",3,2026-04-18
"Beautiful build, feels classy and looks great.",5,2026-04-23
"The noise cancelling is fantastic, the office just disappears.",5,2026-04-25
"The ear cushions are soft and light, no fatigue at all.",5,2026-04-26
Can't believe the quality at this price point.,4,2026-04-27
"Blocks out my noisy commute completely, love it.",5,2026-04-28
"Good headphones overall, just wish the battery lasted longer.",3,2026-04-28
"Rich, balanced sound. Music sounds the way it's meant to.",5,2026-05-02
"Comfortable and stylish, though the mic could be better.",3,2026-05-02
So comfortable I forget I'm wearing them for hours.,5,2026-05-03
"Audio quality blew me away, easily better than headphones twice the price.",5,2026-05-09
"Beautiful build, feels classy and looks great.",5,2026-05-10
So comfortable I forget I'm wearing them for hours.,5,2026-05-12
"Love the noise cancelling, hate the flaky Bluetooth.",3,2026-05-16
Great sound but the battery life really lets it down.,3,2026-05-20
"Amazing value for the money, would buy again.",4,2026-05-21
